blind_id,reviewed,selected_node_ids_pipe,annotator_notes
R2-INT-0219D4090492,,,
R2-INT-0247C3037D93,,,
R2-INT-0A0CF4726367,,,
R2-INT-14F4B93DB63C,,,
R2-INT-15B2257E5E1F,,,
R2-INT-2655D6A949BE,,,
R2-INT-29EC91B6C6A3,,,
R2-INT-2BAB8A865550,,,
R2-INT-2DAF9D04D90F,,,
R2-INT-302B72E19D67,,,
R2-INT-37FE035C9AD8,,,
R2-INT-3A7F689B829F,,,
R2-INT-5123304E9D6A,,,
R2-INT-51E21378D962,,,
R2-INT-54AD22E8CB37,,,
R2-INT-58B2C0131029,,,
R2-INT-8DC84DED4178,,,
R2-INT-915A0B7FCA21,,,
R2-INT-9787489169B2,,,
R2-INT-9DCC8864783B,,,
R2-INT-A033D5D13337,,,
R2-INT-A783A997FE06,,,
R2-INT-AC4104E3F426,,,
R2-INT-B637928F36C6,,,
R2-INT-C0CE7CA2F400,,,
R2-INT-C62F7CF84F43,,,
R2-INT-E915D1B756BF,,,
