blind_id,reviewed,granularity_label,key_missing_evidence,annotator_notes
R2-GRN-6D7BF45F84E5,,,,
R2-GRN-E00995F00DB0,,,,
R2-GRN-F5FB311E7C0F,,,,
R2-GRN-1F4F5B595361,,,,
R2-GRN-BB02491C7990,,,,
R2-GRN-977858BF0078,,,,
R2-GRN-9F94EE641534,,,,
R2-GRN-C1ED10B7F0CF,,,,
R2-GRN-110A27F24C9B,,,,
R2-GRN-F4C6E73A78E2,,,,
R2-GRN-8827518EE706,,,,
R2-GRN-1EB92E1325A4,,,,
R2-GRN-8E507C01CB65,,,,
R2-GRN-CC34F28BC55A,,,,
R2-GRN-392D63DA35B8,,,,
R2-GRN-C5E53D874248,,,,
R2-GRN-CC813EA2A4D1,,,,
R2-GRN-912366565ACA,,,,
R2-GRN-2E9ADC02E36C,,,,
R2-GRN-F99E9062CF12,,,,
R2-GRN-A75103BA3F83,,,,
R2-GRN-FD112AF80499,,,,
R2-GRN-F1C47AEE328B,,,,
R2-GRN-83E71182CC47,,,,
R2-GRN-8518F8625053,,,,
R2-GRN-0102F46A0B38,,,,
R2-GRN-C4A6210D53CF,,,,
R2-GRN-75887ED7E0AB,,,,
R2-GRN-1009D2CBBD79,,,,
R2-GRN-82AC817D91DB,,,,
R2-GRN-BCC337857294,,,,
R2-GRN-9B78502FC1DA,,,,
R2-GRN-B6FBA0A3A854,,,,
R2-GRN-19656251B25B,,,,
R2-GRN-CA2AF1EDC937,,,,
R2-GRN-48C94F63A985,,,,
R2-GRN-7CF09D5895E9,,,,
R2-GRN-AF45940F8947,,,,
R2-GRN-20A57478B3B9,,,,
R2-GRN-911917DA2078,,,,
R2-GRN-796DE6F4ED45,,,,
R2-GRN-64B0FAEAF98E,,,,
R2-GRN-B1CB9D6D3402,,,,
R2-GRN-695BBD53EAD7,,,,
R2-GRN-BE4A407B83A2,,,,
R2-GRN-339B4B8B385E,,,,
R2-GRN-17B25F63A84E,,,,
R2-GRN-5093E476B1E9,,,,
R2-GRN-C553499CEED9,,,,
R2-GRN-EFCB39479D40,,,,
R2-GRN-06BF45E8EDDE,,,,
R2-GRN-EAE0A88716D7,,,,
R2-GRN-92CFB4A2C3EE,,,,
R2-GRN-CAC3694FDD90,,,,
R2-GRN-98B958FA8A51,,,,
R2-GRN-5C3D2F1EE4B6,,,,
R2-GRN-770B86F5C47A,,,,
R2-GRN-4951FB69ED80,,,,
R2-GRN-5011E39451F2,,,,
R2-GRN-25EB4F1B2681,,,,
