case_id,mask_strategy,seed,planner,target_granularity,initial_granularity,final_granularity,reached_target,cost_to_target,budget_used,steps_to_target,steps_taken,actions_taken,initial_hidden_claims,recovered_claims,final_node_coverage,final_edge_coverage,final_critical_gap_count,initial_direct_over_attribution
C01-linux-provenance,random,11,random,G3_campaign,G2_tactic_intent,G2_tactic_intent,0,,7.0,,3,C01-AA-008|C01-AA-005|C01-AA-006,5,1,0.6667,0.4,1,1
C01-linux-provenance,random,11,fixed_order,G3_campaign,G2_tactic_intent,G3_campaign,1,5.0,5.0,2,2,C01-AA-001|C01-AA-002,5,4,1.0,1.0,0,1
C01-linux-provenance,random,11,coverage_greedy,G3_campaign,G2_tactic_intent,G3_campaign,1,3.0,3.0,1,1,C01-AA-002,5,4,1.0,1.0,0,1
C01-linux-provenance,random,11,project05_m1,G3_campaign,G2_tactic_intent,G3_campaign,1,3.0,3.0,1,1,C01-AA-002,5,4,1.0,1.0,0,1
C01-linux-provenance,random,11,full_evidence,G3_campaign,G3_campaign,G3_campaign,1,0.0,0.0,0,0,,0,0,1.0,1.0,0,0
C01-linux-provenance,random,23,random,G3_campaign,G2_tactic_intent,G3_campaign,1,6.0,6.0,2,2,C01-AA-005|C01-AA-001,5,3,0.8333,0.6,0,1
C01-linux-provenance,random,23,fixed_order,G3_campaign,G2_tactic_intent,G3_campaign,1,2.0,2.0,1,1,C01-AA-001,5,2,0.8333,0.6,0,1
C01-linux-provenance,random,23,coverage_greedy,G3_campaign,G2_tactic_intent,G3_campaign,1,2.0,2.0,1,1,C01-AA-004,5,3,1.0,1.0,0,1
C01-linux-provenance,random,23,project05_m1,G3_campaign,G2_tactic_intent,G3_campaign,1,2.0,2.0,1,1,C01-AA-004,5,3,1.0,1.0,0,1
C01-linux-provenance,random,23,full_evidence,G3_campaign,G3_campaign,G3_campaign,1,0.0,0.0,0,0,,0,0,1.0,1.0,0,0
C01-linux-provenance,random,37,random,G3_campaign,G2_tactic_intent,G2_tactic_intent,0,,7.0,,2,C01-AA-007|C01-AA-005,5,1,0.8333,0.8,1,1
C01-linux-provenance,random,37,fixed_order,G3_campaign,G2_tactic_intent,G3_campaign,1,5.0,5.0,2,2,C01-AA-001|C01-AA-002,5,3,1.0,1.0,0,1
C01-linux-provenance,random,37,coverage_greedy,G3_campaign,G2_tactic_intent,G3_campaign,1,4.0,4.0,2,2,C01-AA-001|C01-AA-003,5,4,1.0,1.0,0,1
C01-linux-provenance,random,37,project05_m1,G3_campaign,G2_tactic_intent,G3_campaign,1,4.0,4.0,2,2,C01-AA-003|C01-AA-004,5,4,1.0,1.0,0,1
C01-linux-provenance,random,37,full_evidence,G3_campaign,G3_campaign,G3_campaign,1,0.0,0.0,0,0,,0,0,1.0,1.0,0,0
C01-linux-provenance,random,41,random,G3_campaign,G2_tactic_intent,G2_tactic_intent,0,,7.0,,2,C01-AA-005|C01-AA-002,5,3,0.8333,0.8,1,1
C01-linux-provenance,random,41,fixed_order,G3_campaign,G2_tactic_intent,G3_campaign,1,7.0,7.0,3,3,C01-AA-001|C01-AA-002|C01-AA-003,5,4,1.0,1.0,0,1
C01-linux-provenance,random,41,coverage_greedy,G3_campaign,G2_tactic_intent,G3_campaign,1,4.0,4.0,2,2,C01-AA-002|C01-AA-006,5,4,1.0,1.0,0,1
C01-linux-provenance,random,41,project05_m1,G3_campaign,G2_tactic_intent,G3_campaign,1,3.0,3.0,2,2,C01-AA-006|C01-AA-001,5,2,1.0,1.0,0,1
C01-linux-provenance,random,41,full_evidence,G3_campaign,G3_campaign,G3_campaign,1,0.0,0.0,0,0,,0,0,1.0,1.0,0,0
C01-linux-provenance,random,53,random,G3_campaign,G2_tactic_intent,G3_campaign,1,3.0,3.0,1,1,C01-AA-007,5,2,1.0,1.0,0,1
C01-linux-provenance,random,53,fixed_order,G3_campaign,G2_tactic_intent,G3_campaign,1,5.0,5.0,2,2,C01-AA-001|C01-AA-002,5,3,1.0,1.0,0,1
C01-linux-provenance,random,53,coverage_greedy,G3_campaign,G2_tactic_intent,G3_campaign,1,3.0,3.0,1,1,C01-AA-002,5,3,1.0,1.0,0,1
C01-linux-provenance,random,53,project05_m1,G3_campaign,G2_tactic_intent,G3_campaign,1,3.0,3.0,1,1,C01-AA-002,5,3,1.0,1.0,0,1
C01-linux-provenance,random,53,full_evidence,G3_campaign,G3_campaign,G3_campaign,1,0.0,0.0,0,0,,0,0,1.0,1.0,0,0
C01-linux-provenance,stage,11,random,G3_campaign,G2_tactic_intent,G2_tactic_intent,0,,7.0,,3,C01-AA-008|C01-AA-005|C01-AA-006,6,2,0.8333,0.6,1,1
C01-linux-provenance,stage,11,fixed_order,G3_campaign,G2_tactic_intent,G3_campaign,1,7.0,7.0,3,3,C01-AA-001|C01-AA-002|C01-AA-003,6,5,1.0,1.0,0,1
C01-linux-provenance,stage,11,coverage_greedy,G3_campaign,G2_tactic_intent,G3_campaign,1,5.0,5.0,2,2,C01-AA-002|C01-AA-003,6,5,1.0,1.0,0,1
C01-linux-provenance,stage,11,project05_m1,G3_campaign,G2_tactic_intent,G3_campaign,1,5.0,5.0,2,2,C01-AA-003|C01-AA-007,6,5,1.0,1.0,0,1
C01-linux-provenance,stage,11,full_evidence,G3_campaign,G3_campaign,G3_campaign,1,0.0,0.0,0,0,,0,0,1.0,1.0,0,0
C01-linux-provenance,stage,23,random,G3_campaign,G2_tactic_intent,G2_tactic_intent,0,,7.0,,3,C01-AA-005|C01-AA-001|C01-AA-006,6,1,0.6667,0.6,2,1
C01-linux-provenance,stage,23,fixed_order,G3_campaign,G2_tactic_intent,G3_campaign,1,7.0,7.0,3,3,C01-AA-001|C01-AA-002|C01-AA-003,6,5,1.0,1.0,0,1
C01-linux-provenance,stage,23,coverage_greedy,G3_campaign,G2_tactic_intent,G3_campaign,1,5.0,5.0,2,2,C01-AA-002|C01-AA-003,6,5,1.0,1.0,0,1
C01-linux-provenance,stage,23,project05_m1,G3_campaign,G2_tactic_intent,G3_campaign,1,5.0,5.0,2,2,C01-AA-003|C01-AA-007,6,5,1.0,1.0,0,1
C01-linux-provenance,stage,23,full_evidence,G3_campaign,G3_campaign,G3_campaign,1,0.0,0.0,0,0,,0,0,1.0,1.0,0,0
C01-linux-provenance,stage,37,random,G3_campaign,G2_tactic_intent,G2_tactic_intent,0,,7.0,,2,C01-AA-007|C01-AA-005,6,3,0.8333,0.8,1,1
C01-linux-provenance,stage,37,fixed_order,G3_campaign,G2_tactic_intent,G3_campaign,1,7.0,7.0,3,3,C01-AA-001|C01-AA-002|C01-AA-003,6,5,1.0,1.0,0,1
C01-linux-provenance,stage,37,coverage_greedy,G3_campaign,G2_tactic_intent,G3_campaign,1,5.0,5.0,2,2,C01-AA-002|C01-AA-003,6,5,1.0,1.0,0,1
C01-linux-provenance,stage,37,project05_m1,G3_campaign,G2_tactic_intent,G3_campaign,1,5.0,5.0,2,2,C01-AA-003|C01-AA-007,6,5,1.0,1.0,0,1
C01-linux-provenance,stage,37,full_evidence,G3_campaign,G3_campaign,G3_campaign,1,0.0,0.0,0,0,,0,0,1.0,1.0,0,0
C01-linux-provenance,stage,41,random,G3_campaign,G2_tactic_intent,G2_tactic_intent,0,,7.0,,2,C01-AA-005|C01-AA-002,6,3,0.8333,0.8,1,1
C01-linux-provenance,stage,41,fixed_order,G3_campaign,G2_tactic_intent,G3_campaign,1,7.0,7.0,3,3,C01-AA-001|C01-AA-002|C01-AA-003,6,5,1.0,1.0,0,1
C01-linux-provenance,stage,41,coverage_greedy,G3_campaign,G2_tactic_intent,G3_campaign,1,5.0,5.0,2,2,C01-AA-002|C01-AA-003,6,5,1.0,1.0,0,1
C01-linux-provenance,stage,41,project05_m1,G3_campaign,G2_tactic_intent,G3_campaign,1,5.0,5.0,2,2,C01-AA-003|C01-AA-007,6,5,1.0,1.0,0,1
C01-linux-provenance,stage,41,full_evidence,G3_campaign,G3_campaign,G3_campaign,1,0.0,0.0,0,0,,0,0,1.0,1.0,0,0
C01-linux-provenance,stage,53,random,G3_campaign,G2_tactic_intent,G3_campaign,1,5.0,5.0,2,2,C01-AA-007|C01-AA-003,6,5,1.0,1.0,0,1
C01-linux-provenance,stage,53,fixed_order,G3_campaign,G2_tactic_intent,G3_campaign,1,7.0,7.0,3,3,C01-AA-001|C01-AA-002|C01-AA-003,6,5,1.0,1.0,0,1
C01-linux-provenance,stage,53,coverage_greedy,G3_campaign,G2_tactic_intent,G3_campaign,1,5.0,5.0,2,2,C01-AA-002|C01-AA-003,6,5,1.0,1.0,0,1
C01-linux-provenance,stage,53,project05_m1,G3_campaign,G2_tactic_intent,G3_campaign,1,5.0,5.0,2,2,C01-AA-003|C01-AA-007,6,5,1.0,1.0,0,1
C01-linux-provenance,stage,53,full_evidence,G3_campaign,G3_campaign,G3_campaign,1,0.0,0.0,0,0,,0,0,1.0,1.0,0,0
C01-linux-provenance,discriminative,11,random,G3_campaign,G2_tactic_intent,G3_campaign,1,7.0,7.0,3,3,C01-AA-008|C01-AA-005|C01-AA-006,5,3,1.0,1.0,0,1
C01-linux-provenance,discriminative,11,fixed_order,G3_campaign,G2_tactic_intent,G3_campaign,1,7.0,7.0,3,3,C01-AA-001|C01-AA-002|C01-AA-003,5,4,1.0,1.0,0,1
C01-linux-provenance,discriminative,11,coverage_greedy,G3_campaign,G2_tactic_intent,G3_campaign,1,2.0,2.0,1,1,C01-AA-003,5,2,1.0,1.0,0,1
C01-linux-provenance,discriminative,11,project05_m1,G3_campaign,G2_tactic_intent,G3_campaign,1,1.0,1.0,1,1,C01-AA-006,5,1,1.0,1.0,0,1
C01-linux-provenance,discriminative,11,full_evidence,G3_campaign,G3_campaign,G3_campaign,1,0.0,0.0,0,0,,0,0,1.0,1.0,0,0
C01-linux-provenance,discriminative,23,random,G3_campaign,G2_tactic_intent,G3_campaign,1,7.0,7.0,3,3,C01-AA-005|C01-AA-001|C01-AA-006,5,2,1.0,1.0,0,1
C01-linux-provenance,discriminative,23,fixed_order,G3_campaign,G2_tactic_intent,G3_campaign,1,7.0,7.0,3,3,C01-AA-001|C01-AA-002|C01-AA-003,5,4,1.0,1.0,0,1
C01-linux-provenance,discriminative,23,coverage_greedy,G3_campaign,G2_tactic_intent,G3_campaign,1,2.0,2.0,1,1,C01-AA-003,5,2,1.0,1.0,0,1
C01-linux-provenance,discriminative,23,project05_m1,G3_campaign,G2_tactic_intent,G3_campaign,1,1.0,1.0,1,1,C01-AA-006,5,1,1.0,1.0,0,1
C01-linux-provenance,discriminative,23,full_evidence,G3_campaign,G3_campaign,G3_campaign,1,0.0,0.0,0,0,,0,0,1.0,1.0,0,0
C01-linux-provenance,discriminative,37,random,G3_campaign,G2_tactic_intent,G2_tactic_intent,0,,7.0,,2,C01-AA-007|C01-AA-005,5,2,0.8333,0.8,1,1
C01-linux-provenance,discriminative,37,fixed_order,G3_campaign,G2_tactic_intent,G3_campaign,1,7.0,7.0,3,3,C01-AA-001|C01-AA-002|C01-AA-003,5,4,1.0,1.0,0,1
C01-linux-provenance,discriminative,37,coverage_greedy,G3_campaign,G2_tactic_intent,G3_campaign,1,2.0,2.0,1,1,C01-AA-003,5,2,1.0,1.0,0,1
C01-linux-provenance,discriminative,37,project05_m1,G3_campaign,G2_tactic_intent,G3_campaign,1,1.0,1.0,1,1,C01-AA-006,5,1,1.0,1.0,0,1
C01-linux-provenance,discriminative,37,full_evidence,G3_campaign,G3_campaign,G3_campaign,1,0.0,0.0,0,0,,0,0,1.0,1.0,0,0
C01-linux-provenance,discriminative,41,random,G3_campaign,G2_tactic_intent,G2_tactic_intent,0,,7.0,,2,C01-AA-005|C01-AA-002,5,2,0.8333,0.8,1,1
C01-linux-provenance,discriminative,41,fixed_order,G3_campaign,G2_tactic_intent,G3_campaign,1,7.0,7.0,3,3,C01-AA-001|C01-AA-002|C01-AA-003,5,4,1.0,1.0,0,1
C01-linux-provenance,discriminative,41,coverage_greedy,G3_campaign,G2_tactic_intent,G3_campaign,1,2.0,2.0,1,1,C01-AA-003,5,2,1.0,1.0,0,1
C01-linux-provenance,discriminative,41,project05_m1,G3_campaign,G2_tactic_intent,G3_campaign,1,1.0,1.0,1,1,C01-AA-006,5,1,1.0,1.0,0,1
C01-linux-provenance,discriminative,41,full_evidence,G3_campaign,G3_campaign,G3_campaign,1,0.0,0.0,0,0,,0,0,1.0,1.0,0,0
C01-linux-provenance,discriminative,53,random,G3_campaign,G2_tactic_intent,G3_campaign,1,5.0,5.0,2,2,C01-AA-007|C01-AA-003,5,3,1.0,1.0,0,1
C01-linux-provenance,discriminative,53,fixed_order,G3_campaign,G2_tactic_intent,G3_campaign,1,7.0,7.0,3,3,C01-AA-001|C01-AA-002|C01-AA-003,5,4,1.0,1.0,0,1
C01-linux-provenance,discriminative,53,coverage_greedy,G3_campaign,G2_tactic_intent,G3_campaign,1,2.0,2.0,1,1,C01-AA-003,5,2,1.0,1.0,0,1
C01-linux-provenance,discriminative,53,project05_m1,G3_campaign,G2_tactic_intent,G3_campaign,1,1.0,1.0,1,1,C01-AA-006,5,1,1.0,1.0,0,1
C01-linux-provenance,discriminative,53,full_evidence,G3_campaign,G3_campaign,G3_campaign,1,0.0,0.0,0,0,,0,0,1.0,1.0,0,0
