case_id,action_id,item_id,action_type,acquisition_channel,target_type,target_value,legacy_cost,case_events_scanned,recoverable_matched_event_count,observed_window_seconds,measurement_gap,actions_ref,motif_ref
C01-linux-provenance,C01-AA-001,COST-B2710C16B771,extend_log_window,log_retention,time_window,2026-07-01T10:01:30Z/2026-07-01T10:03:00Z,2.0,,,,bytes_scanned|retention_window_days|host_count,09-experiments/examples/C01/acquisition_actions.json,
C01-linux-provenance,C01-AA-002,COST-8D429E4E4EE6,query_host_subgraph,host_forensics,process,/tmp/.cache/upd,3.0,,,,bytes_scanned|retention_window_days|host_count,09-experiments/examples/C01/acquisition_actions.json,
C01-linux-provenance,C01-AA-003,COST-656558972BEA,recover_network_summary,network_telemetry,ip,198.51.100.77,2.0,,,,bytes_scanned|retention_window_days|host_count,09-experiments/examples/C01/acquisition_actions.json,
C01-linux-provenance,C01-AA-004,COST-5063B867CDEA,ttp_local_probe,host_probe,technique,T1059,2.0,,,,bytes_scanned|retention_window_days|host_count,09-experiments/examples/C01/acquisition_actions.json,
C01-linux-provenance,C01-AA-005,COST-96F8614B776C,malware_analysis,sample_lab,file,/tmp/.cache/upd,4.0,,,,bytes_scanned|retention_window_days|host_count,09-experiments/examples/C01/acquisition_actions.json,
C01-linux-provenance,C01-AA-006,COST-633743C9A3A1,ioc_enrichment,threat_intel,ip,198.51.100.77,1.0,,,,bytes_scanned|retention_window_days|host_count,09-experiments/examples/C01/acquisition_actions.json,
C01-linux-provenance,C01-AA-007,COST-7EBA5A16E57C,query_host_subgraph,host_forensics,file,/tmp/.cache/archive.tgz,3.0,,,,bytes_scanned|retention_window_days|host_count,09-experiments/examples/C01/acquisition_actions.json,
C01-linux-provenance,C01-AA-008,COST-D7667880BDFB,recover_network_summary,network_telemetry,time_window,2026-07-01T10:06:00Z/2026-07-01T10:08:00Z,2.0,,,,bytes_scanned|retention_window_days|host_count,09-experiments/examples/C01/acquisition_actions.json,
C02-freebsd-provenance,C02-AA-001,COST-4ECD7106E0CA,extend_log_window,log_retention,host,freebsd-web-01,2.0,,,,bytes_scanned|retention_window_days|host_count,09-experiments/examples/C02/acquisition_actions.json,
C02-freebsd-provenance,C02-AA-002,COST-79413E2373B9,query_host_subgraph,host_forensics,process,/tmp/.kworker,3.0,,,,bytes_scanned|retention_window_days|host_count,09-experiments/examples/C02/acquisition_actions.json,
C02-freebsd-provenance,C02-AA-003,COST-DE0C1407A4E3,recover_network_summary,network_telemetry,ip,203.0.113.44,2.0,,,,bytes_scanned|retention_window_days|host_count,09-experiments/examples/C02/acquisition_actions.json,
C02-freebsd-provenance,C02-AA-004,COST-5496F27EA8A5,ttp_local_probe,host_probe,technique,T1560,2.0,,,,bytes_scanned|retention_window_days|host_count,09-experiments/examples/C02/acquisition_actions.json,
C02-freebsd-provenance,C02-AA-005,COST-2E86348BC829,malware_analysis,sample_lab,file,/tmp/.kworker,4.0,,,,bytes_scanned|retention_window_days|host_count,09-experiments/examples/C02/acquisition_actions.json,
C02-freebsd-provenance,C02-AA-006,COST-A919967F09FC,human_review,analyst,claim,C02-EC-010,5.0,,,,bytes_scanned|retention_window_days|host_count,09-experiments/examples/C02/acquisition_actions.json,
C02-freebsd-provenance,C02-AA-007,COST-B99392F435DA,query_host_subgraph,host_forensics,file,/var/spool/exfil.tar,3.0,,,,bytes_scanned|retention_window_days|host_count,09-experiments/examples/C02/acquisition_actions.json,
C03-windows-host,C03-AA-001,COST-FC47597539BA,extend_log_window,log_retention,host,WIN-ACCT-07,2.0,,,,bytes_scanned|retention_window_days|host_count,09-experiments/examples/C03/acquisition_actions.json,
C03-windows-host,C03-AA-002,COST-1A1A1EEAE4DF,query_host_subgraph,host_forensics,file,C:\ProgramData\winupd.dll,3.0,,,,bytes_scanned|retention_window_days|host_count,09-experiments/examples/C03/acquisition_actions.json,
C03-windows-host,C03-AA-003,COST-5D4F460A7EE8,recover_network_summary,network_telemetry,ip,192.0.2.88,2.0,,,,bytes_scanned|retention_window_days|host_count,09-experiments/examples/C03/acquisition_actions.json,
C03-windows-host,C03-AA-004,COST-EF4DB7B47F14,ttp_local_probe,host_probe,technique,T1003,2.0,,,,bytes_scanned|retention_window_days|host_count,09-experiments/examples/C03/acquisition_actions.json,
C03-windows-host,C03-AA-005,COST-0944F1424FA9,ioc_enrichment,threat_intel,domain,cdn-sync.example.org,1.0,,,,bytes_scanned|retention_window_days|host_count,09-experiments/examples/C03/acquisition_actions.json,
C03-windows-host,C03-AA-006,COST-CCFBE4B9DBF3,query_host_subgraph,host_forensics,file,C:\ProgramData\cache.7z,3.0,,,,bytes_scanned|retention_window_days|host_count,09-experiments/examples/C03/acquisition_actions.json,
C03-windows-host,C03-AA-007,COST-D23E1DD94311,human_review,analyst,registry_key,HKCU\Software\Microsoft\Windows\CurrentVersion\Run\WinUpdate,5.0,,,,bytes_scanned|retention_window_days|host_count,09-experiments/examples/C03/acquisition_actions.json,
C04-darpa-e3-fivedirections,C04-AA-001,COST-D3960815CD6C,extend_log_window,log_retention,process,firefox.exe,2.0,3617566,8070,3254.311,bytes_scanned|retention_window_days|host_count,09-experiments/real_cases/C04-darpa-e3-fivedirections/acquisition_actions.json,09-experiments/real_cases/C04-darpa-e3-fivedirections/motif_report.json
C04-darpa-e3-fivedirections,C04-AA-002,COST-474B2B02A415,recover_network_summary,network_telemetry,process,firefox.exe,2.0,3617566,415,1897.328,bytes_scanned|retention_window_days|host_count,09-experiments/real_cases/C04-darpa-e3-fivedirections/acquisition_actions.json,09-experiments/real_cases/C04-darpa-e3-fivedirections/motif_report.json
C04-darpa-e3-fivedirections,C04-AA-003,COST-D63FB1B7E6B2,query_host_subgraph,host_forensics,file,ethinfo.txt|recondata.txt,3.0,3617566,6641,960.83,bytes_scanned|retention_window_days|host_count,09-experiments/real_cases/C04-darpa-e3-fivedirections/acquisition_actions.json,09-experiments/real_cases/C04-darpa-e3-fivedirections/motif_report.json
C04-darpa-e3-fivedirections,C04-AA-004,COST-6711C38E5DF2,ttp_local_probe,host_probe,technique,T1005,2.0,3617566,101,3572.356,bytes_scanned|retention_window_days|host_count,09-experiments/real_cases/C04-darpa-e3-fivedirections/acquisition_actions.json,09-experiments/real_cases/C04-darpa-e3-fivedirections/motif_report.json
C04-darpa-e3-fivedirections,C04-AA-005,COST-5BC736C50F44,query_host_subgraph,host_forensics,case,R01 collection-to-exfiltration chain,4.0,3617566,1409,3572.356,bytes_scanned|retention_window_days|host_count,09-experiments/real_cases/C04-darpa-e3-fivedirections/acquisition_actions.json,09-experiments/real_cases/C04-darpa-e3-fivedirections/motif_report.json
C04-darpa-e3-fivedirections,C04-AA-006,COST-A9FED35C30D2,cti_report_lookup,threat_intel,ip,16.54.116.146,3.0,3617566,413,1897.328,bytes_scanned|retention_window_days|host_count,09-experiments/real_cases/C04-darpa-e3-fivedirections/acquisition_actions.json,09-experiments/real_cases/C04-darpa-e3-fivedirections/motif_report.json
C05-darpa-e3-cadets,C05-AA-001,COST-AC4783F1C062,extend_log_window,log_retention,process,nginx,2.0,258074,319,3284.189928,bytes_scanned|retention_window_days|host_count,09-experiments/real_cases/C05-darpa-e3-cadets/acquisition_actions.json,09-experiments/real_cases/C05-darpa-e3-cadets/motif_report.json
C05-darpa-e3-cadets,C05-AA-002,COST-1D49F980849A,query_host_subgraph,host_forensics,file,/tmp/vUgefal,3.0,258074,3,1982.159953,bytes_scanned|retention_window_days|host_count,09-experiments/real_cases/C05-darpa-e3-cadets/acquisition_actions.json,09-experiments/real_cases/C05-darpa-e3-cadets/motif_report.json
C05-darpa-e3-cadets,C05-AA-003,COST-2ABF2263B496,recover_network_summary,network_telemetry,case,R02 external endpoints,2.0,258074,110,2753.259938,bytes_scanned|retention_window_days|host_count,09-experiments/real_cases/C05-darpa-e3-cadets/acquisition_actions.json,09-experiments/real_cases/C05-darpa-e3-cadets/motif_report.json
C05-darpa-e3-cadets,C05-AA-004,COST-DF7FB9DC371F,ttp_local_probe,host_probe,file,/etc/passwd,2.0,258074,123,1860.909957,bytes_scanned|retention_window_days|host_count,09-experiments/real_cases/C05-darpa-e3-cadets/acquisition_actions.json,09-experiments/real_cases/C05-darpa-e3-cadets/motif_report.json
C05-darpa-e3-cadets,C05-AA-005,COST-FC05F3DC7029,human_review,analyst,case,R02 missing collection and exfiltration stages,4.0,258074,,,bytes_scanned|retention_window_days|host_count,09-experiments/real_cases/C05-darpa-e3-cadets/acquisition_actions.json,09-experiments/real_cases/C05-darpa-e3-cadets/motif_report.json
C05-darpa-e3-cadets,C05-AA-006,COST-1D6774DBDBD7,ioc_enrichment,threat_intel,case,R02 external endpoints,3.0,258074,110,2753.259938,bytes_scanned|retention_window_days|host_count,09-experiments/real_cases/C05-darpa-e3-cadets/acquisition_actions.json,09-experiments/real_cases/C05-darpa-e3-cadets/motif_report.json
C06-darpa-e3-cadets-0412,C06-AA-001,COST-0D71980639EF,extend_log_window,log_retention,process,nginx,2.0,318821,355,2335.40995,bytes_scanned|retention_window_days|host_count,09-experiments/real_cases/C06-darpa-e3-cadets-0412/acquisition_actions.json,09-experiments/real_cases/C06-darpa-e3-cadets-0412/motif_report.json
C06-darpa-e3-cadets-0412,C06-AA-002,COST-474F3E2D3BE4,query_host_subgraph,host_forensics,host,CADETS victim payload chain,3.0,318821,4,913.669981,bytes_scanned|retention_window_days|host_count,09-experiments/real_cases/C06-darpa-e3-cadets-0412/acquisition_actions.json,09-experiments/real_cases/C06-darpa-e3-cadets-0412/motif_report.json
C06-darpa-e3-cadets-0412,C06-AA-003,COST-DD71311D9B5E,recover_network_summary,network_telemetry,process,XIM,2.0,318821,188,1071.089972,bytes_scanned|retention_window_days|host_count,09-experiments/real_cases/C06-darpa-e3-cadets-0412/acquisition_actions.json,09-experiments/real_cases/C06-darpa-e3-cadets-0412/motif_report.json
C06-darpa-e3-cadets-0412,C06-AA-004,COST-16B040E81701,query_host_subgraph,host_forensics,file,/var/log/netlog,2.0,318821,1,0.0,bytes_scanned|retention_window_days|host_count,09-experiments/real_cases/C06-darpa-e3-cadets-0412/acquisition_actions.json,09-experiments/real_cases/C06-darpa-e3-cadets-0412/motif_report.json
C06-darpa-e3-cadets-0412,C06-AA-005,COST-6830AC7E93E7,recover_network_summary,network_telemetry,process,test,2.0,318821,24,179.569983,bytes_scanned|retention_window_days|host_count,09-experiments/real_cases/C06-darpa-e3-cadets-0412/acquisition_actions.json,09-experiments/real_cases/C06-darpa-e3-cadets-0412/motif_report.json
C06-darpa-e3-cadets-0412,C06-AA-006,COST-52B48F47D3A5,ttp_local_probe,host_probe,technique,T1046,2.0,318821,23,75.389996,bytes_scanned|retention_window_days|host_count,09-experiments/real_cases/C06-darpa-e3-cadets-0412/acquisition_actions.json,09-experiments/real_cases/C06-darpa-e3-cadets-0412/motif_report.json
C06-darpa-e3-cadets-0412,C06-AA-007,COST-EEC09BF5233E,query_host_subgraph,host_forensics,case,R03 post-exploitation chain,4.0,318821,236,1071.089972,bytes_scanned|retention_window_days|host_count,09-experiments/real_cases/C06-darpa-e3-cadets-0412/acquisition_actions.json,09-experiments/real_cases/C06-darpa-e3-cadets-0412/motif_report.json
C07-darpa-e5-theia-0515,C07-AA-001,COST-99F8DC0E5A6A,recover_network_summary,network_telemetry,endpoint,Firefox to 208.203.20.42:80,2.0,256297,24,705.070376,bytes_scanned|retention_window_days|host_count,09-experiments/real_cases/C07-darpa-e5-theia-0515/acquisition_actions.json,09-experiments/real_cases/C07-darpa-e5-theia-0515/motif_report.json
C07-darpa-e5-theia-0515,C07-AA-002,COST-D63BBCF48E50,query_host_subgraph,host_forensics,process,Firefox process lineage around report PID 534051,3.0,256297,24,705.070376,bytes_scanned|retention_window_days|host_count,09-experiments/real_cases/C07-darpa-e5-theia-0515/acquisition_actions.json,09-experiments/real_cases/C07-darpa-e5-theia-0515/motif_report.json
C07-darpa-e5-theia-0515,C07-AA-003,COST-3BB4CB65783D,ttp_local_probe,host_probe,command,/sbin/modprobe -q -- binfmt-0000,2.0,256297,2,269.675963,bytes_scanned|retention_window_days|host_count,09-experiments/real_cases/C07-darpa-e5-theia-0515/acquisition_actions.json,09-experiments/real_cases/C07-darpa-e5-theia-0515/motif_report.json
C07-darpa-e5-theia-0515,C07-AA-004,COST-6454721F8AE5,query_host_subgraph,host_forensics,file,/var/log/sshdlog,2.0,256297,1,0.0,bytes_scanned|retention_window_days|host_count,09-experiments/real_cases/C07-darpa-e5-theia-0515/acquisition_actions.json,09-experiments/real_cases/C07-darpa-e5-theia-0515/motif_report.json
C07-darpa-e5-theia-0515,C07-AA-005,COST-B24204156BA3,human_review,analyst,context,load_helper.ko and read_scan.ko benign driver activity,2.0,256297,2,7.037196,bytes_scanned|retention_window_days|host_count,09-experiments/real_cases/C07-darpa-e5-theia-0515/acquisition_actions.json,09-experiments/real_cases/C07-darpa-e5-theia-0515/motif_report.json
C08-darpa-e5-clearscope-0515,C08-AA-001,COST-F02FDABA698A,recover_network_summary,network_telemetry,endpoint,Appstarter busybox outbound Micro APT C2 socket,2.0,694872,12,700.479,bytes_scanned|retention_window_days|host_count,09-experiments/real_cases/C08-darpa-e5-clearscope-0515/acquisition_actions.json,09-experiments/real_cases/C08-darpa-e5-clearscope-0515/motif_report.json
C08-darpa-e5-clearscope-0515,C08-AA-002,COST-04B42D3EAECD,query_host_subgraph,host_forensics,process,/data/data/de.belu.appstarter/busybox lineage,3.0,694872,12,700.479,bytes_scanned|retention_window_days|host_count,09-experiments/real_cases/C08-darpa-e5-clearscope-0515/acquisition_actions.json,09-experiments/real_cases/C08-darpa-e5-clearscope-0515/motif_report.json
C08-darpa-e5-clearscope-0515,C08-AA-003,COST-0AE07A2B3A43,ttp_local_probe,host_probe,file,/dev/msm_g711tlaw elevate device,2.0,694872,1,0.0,bytes_scanned|retention_window_days|host_count,09-experiments/real_cases/C08-darpa-e5-clearscope-0515/acquisition_actions.json,09-experiments/real_cases/C08-darpa-e5-clearscope-0515/motif_report.json
C08-darpa-e5-clearscope-0515,C08-AA-004,COST-02BEF882D3E3,query_host_subgraph,host_forensics,file,/system/bin/screencap,2.0,694872,1,0.0,bytes_scanned|retention_window_days|host_count,09-experiments/real_cases/C08-darpa-e5-clearscope-0515/acquisition_actions.json,09-experiments/real_cases/C08-darpa-e5-clearscope-0515/motif_report.json
C08-darpa-e5-clearscope-0515,C08-AA-005,COST-480FF07115F1,human_review,analyst,context,/data/local/tmp/sl elevate-driver benign setup,2.0,694872,1,0.0,bytes_scanned|retention_window_days|host_count,09-experiments/real_cases/C08-darpa-e5-clearscope-0515/acquisition_actions.json,09-experiments/real_cases/C08-darpa-e5-clearscope-0515/motif_report.json
C09-darpa-optc-sysclient0201-0923,C09-AA-001,COST-1023DCFB0FC6,recover_network_summary,network_telemetry,endpoint,powershell Empire C2 to 132.197.158.98:80,2.0,753973,3762,9666.199,bytes_scanned|retention_window_days|host_count,09-experiments/real_cases/C09-darpa-optc-sysclient0201-0923/acquisition_actions.json,09-experiments/real_cases/C09-darpa-optc-sysclient0201-0923/motif_report.json
C09-darpa-optc-sysclient0201-0923,C09-AA-002,COST-227AC4F8D97E,query_host_subgraph,host_forensics,process,powershell.exe Empire C2 lineage,3.0,753973,3762,9666.199,bytes_scanned|retention_window_days|host_count,09-experiments/real_cases/C09-darpa-optc-sysclient0201-0923/acquisition_actions.json,09-experiments/real_cases/C09-darpa-optc-sysclient0201-0923/motif_report.json
C09-darpa-optc-sysclient0201-0923,C09-AA-003,COST-CCD52AE341D9,ttp_local_probe,host_probe,registry_key,HKCU\Environment\windir UAC bypass,2.0,753973,1,0.0,bytes_scanned|retention_window_days|host_count,09-experiments/real_cases/C09-darpa-optc-sysclient0201-0923/acquisition_actions.json,09-experiments/real_cases/C09-darpa-optc-sysclient0201-0923/motif_report.json
C09-darpa-optc-sysclient0201-0923,C09-AA-004,COST-9D79C7ED950B,query_host_subgraph,host_forensics,module,Empire Get-Screenshot,2.0,753973,1,0.0,bytes_scanned|retention_window_days|host_count,09-experiments/real_cases/C09-darpa-optc-sysclient0201-0923/acquisition_actions.json,09-experiments/real_cases/C09-darpa-optc-sysclient0201-0923/motif_report.json
C09-darpa-optc-sysclient0201-0923,C09-AA-005,COST-3E183A8D287C,query_host_subgraph,host_forensics,host,Invoke-WmiMethod to SysClient0402,3.0,753973,4,229.649,bytes_scanned|retention_window_days|host_count,09-experiments/real_cases/C09-darpa-optc-sysclient0201-0923/acquisition_actions.json,09-experiments/real_cases/C09-darpa-optc-sysclient0201-0923/motif_report.json
C09-darpa-optc-sysclient0201-0923,C09-AA-006,COST-776959F47371,human_review,analyst,process,GoogleUpdate.exe benign updater activity,2.0,753973,16,11650.43,bytes_scanned|retention_window_days|host_count,09-experiments/real_cases/C09-darpa-optc-sysclient0201-0923/acquisition_actions.json,09-experiments/real_cases/C09-darpa-optc-sysclient0201-0923/motif_report.json
C10-darpa-optc-sysclient0351-0925,C10-AA-001,COST-18D9F54211A1,recover_network_summary,network_telemetry,endpoint,f.exe reverse TCP to 53.192.68.50:8080,2.0,37301,1,0.0,bytes_scanned|retention_window_days|host_count,09-experiments/real_cases/C10-darpa-optc-sysclient0351-0925/acquisition_actions.json,09-experiments/real_cases/C10-darpa-optc-sysclient0351-0925/motif_report.json
C10-darpa-optc-sysclient0351-0925,C10-AA-002,COST-A2F44B694E23,query_host_subgraph,host_forensics,process,f.exe C2 lineage,3.0,37301,1,0.0,bytes_scanned|retention_window_days|host_count,09-experiments/real_cases/C10-darpa-optc-sysclient0351-0925/acquisition_actions.json,09-experiments/real_cases/C10-darpa-optc-sysclient0351-0925/motif_report.json
C10-darpa-optc-sysclient0351-0925,C10-AA-003,COST-F204F3CD6FEC,ttp_local_probe,host_probe,file,Notepad++ updater drop of Temp\f.exe,2.0,37301,2,0.001,bytes_scanned|retention_window_days|host_count,09-experiments/real_cases/C10-darpa-optc-sysclient0351-0925/acquisition_actions.json,09-experiments/real_cases/C10-darpa-optc-sysclient0351-0925/motif_report.json
C10-darpa-optc-sysclient0351-0925,C10-AA-004,COST-8974ADB9295F,query_host_subgraph,host_forensics,process,Temp\f.exe PID 1932 creation,2.0,37301,1,0.0,bytes_scanned|retention_window_days|host_count,09-experiments/real_cases/C10-darpa-optc-sysclient0351-0925/acquisition_actions.json,09-experiments/real_cases/C10-darpa-optc-sysclient0351-0925/motif_report.json
C10-darpa-optc-sysclient0351-0925,C10-AA-005,COST-ED2059E0334D,query_host_subgraph,host_forensics,thread,remote thread from f.exe PID 1932 to lwabeat PID 1256,3.0,37301,1,0.0,bytes_scanned|retention_window_days|host_count,09-experiments/real_cases/C10-darpa-optc-sysclient0351-0925/acquisition_actions.json,09-experiments/real_cases/C10-darpa-optc-sysclient0351-0925/motif_report.json
C10-darpa-optc-sysclient0351-0925,C10-AA-006,COST-C0A98C43B8E4,human_review,analyst,process,python.exe multicast flow to 225.0.0.1:5000,2.0,37301,899,898.338,bytes_scanned|retention_window_days|host_count,09-experiments/real_cases/C10-darpa-optc-sysclient0351-0925/acquisition_actions.json,09-experiments/real_cases/C10-darpa-optc-sysclient0351-0925/motif_report.json
C11-otrf-apt29-day1-scranton-nashua,C11-AA-001,COST-2C967A7FBDF9,extend_log_window,scranton_powershell,host,SCRANTON PowerShell logs,2.0,,,,bytes_scanned|retention_window_days|host_count,09-experiments/real_cases/C11-otrf-apt29-day1-scranton-nashua/acquisition_actions.json,09-experiments/real_cases/C11-otrf-apt29-day1-scranton-nashua/motif_report.json
C11-otrf-apt29-day1-scranton-nashua,C11-AA-002,COST-598D1E58A0FF,query_host_subgraph,scranton_sysmon,host,SCRANTON Sysmon records,2.0,,,,bytes_scanned|retention_window_days|host_count,09-experiments/real_cases/C11-otrf-apt29-day1-scranton-nashua/acquisition_actions.json,09-experiments/real_cases/C11-otrf-apt29-day1-scranton-nashua/motif_report.json
C11-otrf-apt29-day1-scranton-nashua,C11-AA-003,COST-7F825033CDEC,query_host_subgraph,scranton_security,host,SCRANTON Security process records,2.0,,,,bytes_scanned|retention_window_days|host_count,09-experiments/real_cases/C11-otrf-apt29-day1-scranton-nashua/acquisition_actions.json,09-experiments/real_cases/C11-otrf-apt29-day1-scranton-nashua/motif_report.json
C11-otrf-apt29-day1-scranton-nashua,C11-AA-004,COST-46B8CD15FA18,extend_log_window,nashua_powershell,host,NASHUA PowerShell logs,3.0,,,,bytes_scanned|retention_window_days|host_count,09-experiments/real_cases/C11-otrf-apt29-day1-scranton-nashua/acquisition_actions.json,09-experiments/real_cases/C11-otrf-apt29-day1-scranton-nashua/motif_report.json
C11-otrf-apt29-day1-scranton-nashua,C11-AA-005,COST-975F7A83F8D0,query_host_subgraph,nashua_sysmon,host,NASHUA Sysmon records,2.0,,,,bytes_scanned|retention_window_days|host_count,09-experiments/real_cases/C11-otrf-apt29-day1-scranton-nashua/acquisition_actions.json,09-experiments/real_cases/C11-otrf-apt29-day1-scranton-nashua/motif_report.json
C12-witfoo-precinct6-f10c7270,C12-AA-001,COST-882B85A39A8C,recover_network_summary,asa_summary,time_window,ASA blocked-connection summary for the frozen incident window,2.0,,,,bytes_scanned|retention_window_days|host_count,09-experiments/real_cases/C12-witfoo-precinct6-f10c7270/acquisition_actions.json,09-experiments/real_cases/C12-witfoo-precinct6-f10c7270/motif_report.json
C12-witfoo-precinct6-f10c7270,C12-AA-002,COST-8AF9544E370B,ttp_local_probe,asa_targeted_probe,technique,targeted service-access observation around destination port 445,1.0,,,,bytes_scanned|retention_window_days|host_count,09-experiments/real_cases/C12-witfoo-precinct6-f10c7270/acquisition_actions.json,09-experiments/real_cases/C12-witfoo-precinct6-f10c7270/motif_report.json
C12-witfoo-precinct6-f10c7270,C12-AA-003,COST-F4A14122F127,query_host_subgraph,windows_security_audit,host,Windows Security 4672 observations in the frozen incident,3.0,,,,bytes_scanned|retention_window_days|host_count,09-experiments/real_cases/C12-witfoo-precinct6-f10c7270/acquisition_actions.json,09-experiments/real_cases/C12-witfoo-precinct6-f10c7270/motif_report.json
C12-witfoo-precinct6-f10c7270,C12-AA-004,COST-4454F0CDCD1F,human_review,precinct_projection_review,case,f10c7270-1228-11ed-99ed-adca11e4059c,2.0,,,,bytes_scanned|retention_window_days|host_count,09-experiments/real_cases/C12-witfoo-precinct6-f10c7270/acquisition_actions.json,09-experiments/real_cases/C12-witfoo-precinct6-f10c7270/motif_report.json
