evidence_id,evidence_class,source,year,unit_of_analysis,kev_or_negative_role,directness,key_evidence,project05_implication,quality,doi_or_url
E01,official_primary,CISA KEV catalog criteria,2026,CVE or vulnerability,"Positive evidence of attempted or successful in-the-wild exploitation; remediation prioritization",official_semantics,"KEV records vulnerability exploitation status, not case-specific endpoint/provenance events","Cannot establish a Project05 case-event null",A,https://www.cisa.gov/known-exploited-vulnerabilities
E02,official_primary,CISA BOD 22-01 FAQ,2026,CVE or vulnerability,"Catalog admission requires CVE ID, remediation guidance and exploitation evidence",official_semantics,"An exploited vulnerability may be absent from KEV when another admission criterion is missing","Non-membership and missing text cannot mean no exploitation or no event",A,https://www.cisa.gov/news-events/directives/bod-22-01-reducing-significant-risk-known-exploited-vulnerabilities
E03,methodological_survey,"Bekker & Davis, Learning from positive and unlabeled data",2020,classification instance,Unlabeled data may contain positives and negatives,methodological,"Treating all unlabeled examples as negative is a naive closed-world assumption that does not hold","Absence of a case relation or pointer is not world-negative ground truth",A,https://doi.org/10.1007/s10994-020-05877-5
E04,peer_reviewed_adjacent,"Xie et al., Revisiting the Negative Data of Distantly Supervised Relation Extraction",2021,relation instance,Missing knowledge-base relations create false negatives,methodological_adjacent,"Reformulates relation extraction as positive-unlabeled learning to mitigate false negatives","Unlinked or unlisted event relations must not be silently labeled null",A,https://doi.org/10.18653/v1/2021.acl-long.277
E05,peer_reviewed_adjacent,"Tan et al., Revisiting DocRED",2022,document relation,Re-annotation restores missed positive relations,methodological_adjacent,"False-negative relations are prevalent in an incompletely annotated document-level RE benchmark","Document-level non-entailment needs an explicit contract or verified target, not catalog absence",A,https://doi.org/10.18653/v1/2022.emnlp-main.580
E06,peer_reviewed_security,"Wen et al., When Less is Enough",2023,source-code function or snippet,Non-vulnerable labels are unreliable; positive labels are more determined,security_adjacent,"Uses positive-unlabeled learning rather than trusting noisy security negatives","Security-domain precedent supports fail-closed treatment of unverified negatives",A,https://doi.org/10.1109/ASE56229.2023.00144
E07,peer_reviewed_security,"Al Debeyan et al., hard and easy negative vulnerability data",2024,software version or code sample,Constructed hard/easy negatives for vulnerability prediction,task_mismatch,"Supports the value of hard negatives only within its code-vulnerability task and label construction","Does not directly validate KEV text as a case-event null",B,https://doi.org/10.1016/j.jss.2024.112003
E08,peer_reviewed_kev,"Iannone et al., Early and Realistic Exploitability Prediction",2024,CVE,Exploitation metadata supplies positive/negative labels for CVE prediction,cve_level_adjacent,"Demonstrates CVE-level exploitability prediction rather than endpoint observation extraction","Cannot be extrapolated across the statistical-unit boundary",B,https://doi.org/10.1145/3654443
E09,peer_reviewed_kev,"Kausar et al., Integrated risk scoring and exploit prediction",2026,CVE,"KEV inclusion is a high-confidence positive; KEV is not comprehensive or real-time",cve_level_adjacent,"Authors explicitly state the true exploitation label remains uncertain","KEV may support a CVE-positive feature but not a case-level negative label",A,https://doi.org/10.1186/s42162-026-00640-x
