source_id,domain,source_type,year,title,doi_or_url,evidence_level,action_definition_and_granularity,cost_construct_and_units,assignment_or_measurement_method,additivity_context_and_uncertainty,validation_or_governance,project05_supports,does_not_support,verified_location,status
DF-01,digital forensics,IETF Best Current Practice,2002,Guidelines for Evidence Collection and Archiving,https://doi.org/10.17487/RFC3227,verified_full_text_official,"Collection is an ordered and documented procedure over identified systems; no mathematical atomic action is defined.","Volatility is an ordering or urgency property; integrity and external avenues for change are procedural constraints. No numeric acquisition-cost scale is defined.","Site-specific procedures; collect from more volatile to less volatile sources; document every step.","No additive cost claim and no scalarization. Evidence disturbance is something to prevent, not a commensurate price.","Methods should be transparent, precisely reproducible, and testable by independent experts; use checksums or signatures where feasible.","Use volatility as delay loss, deadline, or priority; require reproducible action execution and audit records.","Does not justify V as positive burden; does not justify E+D+A+R+V or a 0-3 rubric.","RFC 3227 §§2.1, 3.1, 3.2; official RFC Editor text",included
DF-02,digital forensics,NIST Special Publication,2006,Guide to Integrating Forensic Techniques into Incident Response,https://doi.org/10.6028/NIST.SP.800-86,verified_full_text_local_pdf,"Collection comprises identifying, labeling, recording, and acquiring data while preserving integrity; the collection plan identifies sources and order.","Three distinct prioritization factors are likely value, volatility, and amount of effort. Effort includes staff and legal-advisor time, equipment, services, and outside experts. Operational disruption and monetary loss are separate.","Analyst or management estimates relative value and effort for the incident; organizational time, equipment, and service facts can be measured.","No formula says the factors are additive or equally weighted. Downtime impact is separate from acquisition effort.","Identify sources, plan, acquire, and verify integrity under organization-specific policies and legal review.","Separate utility, delay loss, burden, and operational impact; ground burden in measurable human time, equipment, and services.","Does not provide universal numbers, E/D/A/R anchors, or an equal-weight scalar; volatility is not a resource consumed.","Local PDF pp. 9, 27, 29, 32",included
DF-03,incident response,NIST Special Publication,2025,Incident Response Recommendations and Considerations for Cybersecurity Risk Management: A CSF 2.0 Community Profile,https://doi.org/10.6028/NIST.SP.800-61r3,verified_full_text_local_pdf,"Governs incident-response activities at organizational and process level rather than atomic planner actions.","Uses enterprise risk, incident impact, efficiency/effectiveness, retention cost, and disruption as distinct management concerns.","Organization-specific risk management, retention policy, and incident analysis.","No universal additive action cost and no per-action numeric scale.","Integrates response with CSF 2.0 governance and organizational risk management.","Treat operational impact and retention burden as contextual governance quantities.","Does not define acquisition-action costs or validate an ordinal rubric.","Local PDF pp. 5, 9-15, 37",included
DF-04,digital evidence,ISO standard public scope page,2012,ISO/IEC 27037:2012 Guidelines for identification collection acquisition and preservation of digital evidence,https://www.iso.org/standard/44381.html,verified_official_scope_page,"Names identification, collection, acquisition, and preservation as distinct activities.","No numeric cost construct appears in the official public scope.","Process guidance is adapted to devices, circumstances, organizations, and jurisdictions.","No public claim of additive or state-independent cost.","Supports disciplined evidence handling and cross-jurisdiction exchange.","Use a controlled action taxonomy aligned with recognized forensic activities.","Does not support a numeric cost table, weights, or action-count metric.","ISO official abstract page, accessed 2026-07-18",included_scope_only
DF-05,digital investigation,ISO standard public scope page,2015,ISO/IEC 27043:2015 Incident investigation principles and processes,https://www.iso.org/standard/44407.html,verified_official_scope_page,"Covers processes from pre-incident preparation through investigation closure; granularity is process-level.","No numeric per-action cost appears in the official public scope.","Uses idealized process models plus scenario-specific advice and caveats.","No scalar cost or additivity claim on the public page.","General principles apply across several digital-investigation scenarios.","Require action semantics to fit an auditable end-to-end investigation process.","Does not define atomic actions, resource units, or universal costs.","ISO official abstract page, accessed 2026-07-18",included_scope_only
MEAS-01,software measurement,ISO/IEC/IEEE standard public scope page,2017,ISO/IEC/IEEE 15939:2017 Systems and software engineering Measurement process,https://www.iso.org/standard/71197.html,verified_official_scope_page,"No domain action definition; it governs specification and use of measures.","Measures address specific information needs; no universal cost measure is prescribed.","Specify required information, how measures and results will be used, and how validity will be determined; tailor to users.","No permission to combine incommensurate units without an analysis model.","Requires determining whether analysis results are valid.","Derive measures from declared decision needs and validate the analysis model before planner use.","Does not validate a score merely because two raters agree.","ISO official abstract page, accessed 2026-07-18",included_scope_only
PLAN-01,AI planning,peer-reviewed journal article,2003,PDDL2.1: An Extension to PDDL for Expressing Temporal Planning Domains,https://doi.org/10.1613/jair.1129,verified_full_text_local_pdf,"Actions have parameters, preconditions, and effects; durative actions add start/end conditions, invariants, and timed effects.","Numeric fluents and plan metrics can represent resource consumption, energy, duration, or other quantities; metric is not action count.","Domain modeler specifies measurable fluents and the problem metric.","Aggregation follows declared transitions and metrics; concurrency and duration require explicit semantics.","Formal syntax and state-transition semantics make applicability and effects auditable.","Freeze preconditions, effects, timing, and metric separately for every acquisition action.","Does not supply cybersecurity action boundaries or numeric acquisition costs.","Local PDF pp. 2-5, 11 and formal semantics",included
PLAN-02,AI planning,peer-reviewed journal article,2010,The LAMA Planner: Guiding Cost-Based Anytime Planning with Landmarks,https://doi.org/10.1613/jair.2972,verified_full_text_local_pdf,"Operator o=<pre,effect> is applicable when preconditions hold; C maps operators to nonnegative integer costs.","Plan cost is the sum of supplied operator costs; unit-cost and nonuniform-cost tasks are distinguished.","Benchmark or domain author supplies costs in PDDL; planner optimizes the given values.","Additivity is a benchmark assumption. Cost-sensitive search can reduce task coverage under a time limit.","Empirical ablations compare cost-sensitive and distance-sensitive search on IPC tasks.","Shows planners consume exogenous costs and action count can differ from total cost.","Does not establish how real forensic costs should be assigned or that additive integers are universal.","Local PDF pp. 2-4, 9, 11, 25",included
PLAN-03,planning and control,reference textbook,2006,Planning Algorithms,https://planning.cs.uiuc.edu/,verified_full_text_local_pdf,"At state x an available choice u is in U(x), and x'=f(x,u) defines transition; a lower-level plan can be packaged as a higher-level action.","A cost functional accumulates stage costs l(x,u) and terminal cost; examples include distance, time, and energy.","Modeler defines state, feasible action set, transition, stage cost, horizon, and terminal cost.","Finite-horizon sum is one model; hierarchical packaging makes action count granularity-dependent.","Formal feasibility and cost-to-go equations expose assumptions.","Define actions by feasible state, invocation, transition, termination, and resource trace; test split/merge granularity.","Does not define a canonical forensic action unit or resource weights.","Local PDF pp. 19, 22-23, 30-31",included
RL-01,reinforcement learning,reference textbook,2018,Reinforcement Learning: An Introduction (2nd ed.),http://incompleteideas.net/book/the-book-2nd.html,verified_full_text_local_pdf,"At each decision time the agent selects A_t from A(S_t), then receives R_{t+1} and S_{t+1}; an option is a policy plus termination and can span many base steps.","Reward can be r(s,a) or r(s,a,s'); cost is negative reward only after semantics and scale are defined.","Environment or model determines transitions and rewards; options execute low-level actions until termination.","Return uses declared horizon or discount. One option can replace many primitive actions, so action count is representation-dependent.","Policy evaluation uses observed or modeled transitions and returns.","Require decision epoch and termination; report high-level acquisitions and primitive operations or resource-normalized metrics.","Does not make primitive-action count comparable to option count and does not assign domain costs.","Local PDF pp. 20, 28-29, 70, 483-485",included
COST-01,cost-sensitive machine learning,workshop paper,2000,Types of Cost in Inductive Concept Learning,https://arxiv.org/abs/cs/0212034,verified_full_text_local_pdf,"A test or attribute measurement is an acquisition choice used before classification.","Cost may use dollars, seconds, CPU time, or utility and may be uncertain; test cost can depend on prior tests, results, class, case, and time.","Use application facts or distributions; this is a taxonomy, not a universal assignment table.","Grouped tests may share setup cost and cost less than their sum; context dependence violates fixed c(a).","Explicitly distinguishes cost types and uncertainty.","Use c(s,a) or c(s,a,s'), include setup, shared, and retry costs, and preserve physical units before scalarization.","Does not authorize equal-weight ordinal scores for unlike units.","Local PDF pp. 1-4, especially pp. 1-3",included
AFA-01,active feature acquisition,peer-reviewed conference chapter,2016,Sequential Cost-Sensitive Feature Acquisition,https://doi.org/10.1007/978-3-319-46349-0_25,verified_full_text_local_pdf,"A stochastic policy adaptively acquires feature blocks from a partially observed sample and can classify or stop.","Inference cost sums supplied feature costs; experiments use cost=1, artificial c_i=i/n, or literature-provided medical costs.","Costs are external dataset inputs; real CPU and energy budgets are future work.","Additive feature cost is explicit; shared setup cost is not modeled.","Accuracy-cost curves and held-out tests validate performance conditional on supplied costs.","AFA answers how to plan after costs are given, not how authoritative costs are built.","Artificial c_i=i/n and unit costs cannot validate Project05 real costs.","Local PDF pp. 7-10",included
AFA-02,active classification,peer-reviewed journal article,2002,Learning cost-sensitive active classifiers,https://doi.org/10.1016/S0004-3702(02)00209-6,metadata_only_crossref,"The bibliographic record indicates sequential active classification with acquisition and misclassification trade-offs; formal action semantics were not extracted.","Cost-sensitive objective; units and assignment method remain unverified without full text.","Not extracted from primary full text.","Not extracted.","DOI, title, venue, and bibliographic record verified; full-text route unavailable.","Candidate source for acquisition-versus-classification trade-offs.","Must not be cited for formulas, units, or Project05 assignment rules until full text is obtained.","Crossref DOI record; OpenAlex metadata only",pending_full_text
AFA-03,active feature acquisition,peer-reviewed journal article,2007,Cost-sensitive feature acquisition and classification,https://doi.org/10.1016/j.patcog.2006.11.008,metadata_only_crossref,"Bibliographic record and secondary references identify a POMDP-style acquisition/classification problem; formal details were not extracted from primary text.","Feature-acquisition and classification-error costs; units and elicitation remain unverified.","Not extracted from primary full text.","Not extracted.","DOI, title, venue, and year verified; checked services exposed no full text.","Candidate evidence that sequential acquisition can be modeled after costs are specified.","Cannot support exact equations, numeric costs, or universal low-cost-first claims until full text is verified.","Crossref DOI record; OpenAlex metadata only",pending_full_text
VOI-01,Bayesian experimental design,peer-reviewed review,1995,Bayesian Experimental Design: A Review,https://doi.org/10.1214/ss/1177009939,verified_full_text_scan_visual,"A design is a decision about what experiment or observation to perform for a stated purpose.","Utility represents experiment purpose and consequences; designs may be optimized under total or observation-specific costs.","Decision maker specifies purpose, probability model, utility, and cost constraint.","No universal utility or exchange rate; utility depends on purpose.","Bayesian expected-utility analysis evaluates candidate designs under the declared model.","Keep information value separate from resource cost and declare decision purpose before scalarization.","Does not define forensic costs or justify equal weighting of resources.","Local scanned PDF; visually checked design-utility sections",included
VOI-02,decision analysis,peer-reviewed journal article,1966,Information Value Theory,https://doi.org/10.1109/TSSC.1966.300074,metadata_only_crossref,"Information acquisition is evaluated as a decision that can change later choices; exact formal text was not locally verified.","Value of information is a consequence or utility construct rather than physical acquisition burden.","Probability and preference inputs are indicated by the literature lineage; exact formulation is pending full text.","Not extracted from primary full text.","DOI, title, and venue verified; IEEE endpoint returned 418.","Candidate foundation for separating expected information value from acquisition burden.","Cannot support verbatim EVPI or EVSI equations or a monetary conversion rule without full text.","Crossref DOI record; IEEE endpoint checked and unavailable",pending_full_text
CMDP-01,constrained sequential decision making,reference monograph,1999,Constrained Markov Decision Processes,https://doi.org/10.1201/9781315140223,verified_author_copy_in_memory,"Defines states X, actions A(x), transition probabilities, immediate objective cost c(x,a), and K-dimensional immediate constraint costs d(x,a).","The problem minimizes expected C(beta,u) subject to vector constraints D(beta,u)<=V; discounted, total, and average criteria are distinct.","Modeler supplies c, d, thresholds V, transition model, initial distribution, and horizon or discount assumptions.","Costs are state-action dependent; accumulation follows the criterion. Constraints are not weighted objectives unless an explicit Lagrangian is introduced.","Feasibility, occupation measures, LPs, and policy classes are defined under explicit assumptions.","Represent authorization, hard risk limits, and budgets as constraints when not exchangeable; distinguish burden from constraint dimensions.","Does not supply domain c, d, or V and does not justify arbitrary Lagrange weights.","INRIA author PDF pp. 21-24, 29, 31-32; accessed in memory",included
MOO-01,multi-objective sequential decision making,peer-reviewed survey,2013,A Survey of Multi-Objective Sequential Decision-Making,https://doi.org/10.1613/jair.3987,verified_full_text_local_pdf,"MOMDP retains vector-valued returns and policies over state-dependent actions.","Objectives remain a vector; scalarization f(V,w) and weight vector w encode preferences. Constraints are a distinct variant.","Weights and scalarization come from the decision scenario; when unknown, compute coverage or Pareto-relevant sets.","Linear weighted sum is one special case; nonlinear and unknown-weight settings require different solution concepts.","Taxonomy specifies weight knowledge, scalarization class, policy class, coverage sets, and Pareto dominance.","Keep resource dimensions separate; report Pareto or coverage results until defensible weights exist; sensitivity-test chosen weights.","Does not prescribe equal weights or make Pareto optimality select one universal policy.","Local PDF pp. 5-14, 20, 24",included
DB-01,database query optimization,peer-reviewed conference article,1979,Access Path Selection in a Relational Database Management System,https://doi.org/10.1145/582095.582099,verified_full_text_local_pdf,"A query plan is composed of access paths and joins; alternatives are compared by predicted resource use.","COST = page fetches + W*RSI calls; page fetches proxy I/O and RSI calls proxy CPU or tuple processing.","Predict counts from statistics; W is an adjustable I/O-versus-CPU weight.","Additivity and linear weighting are explicit engineering assumptions tied to System R.","Plans are compared using operational statistics and adjustable calibration.","Measure raw bytes, records, I/O, and CPU first; publish weights and calibrate against executions.","System R W and proxies are not portable constants and do not validate subjective ordinal costs.","Local PDF pp. 3, 5, 7, 12",included
DB-02,database query optimization,peer-reviewed article,2015,How Good Are Query Optimizers Really?,https://doi.org/10.14778/2850583.2850594,verified_full_text_local_pdf,"Query-plan alternatives are evaluated by a predictive operator cost model rather than semantic action count.","PostgreSQL cost is a weighted sum of accessed pages and memory-processed data or CPU proxies; plan cost sums operators.","Default parameters are designer choices; tune with observed runtime and workload experiments.","Linear additive structure is tested rather than universal; prediction error is measured against runtime.","Defines absolute percentage prediction error and reports workload-specific tuning results.","Validate Project05 predictions against execution traces and report error and calibration, not only rater agreement.","Does not imply generalization across hardware or workload, or that predicted cost equals real time.","Local PDF pp. 8-9",included
ROBOT-01,robot motion planning,peer-reviewed journal article,2011,Sampling-based Algorithms for Optimal Motion Planning,https://doi.org/10.1177/0278364911406761,verified_full_text_local_pdf,"A feasible path is a continuous bounded-variation trajectory; the optimization unit can be an entire path.","A supplied path functional may represent path length or execution time and maps paths to nonnegative values.","Problem designer defines the task-appropriate functional.","Presentation sometimes assumes additive segment cost for simplicity; the analysis states this is not always necessary.","Asymptotic optimality is proved relative to the specified functional and assumptions.","Treat time, distance or bytes, energy or compute, and risk as different functionals; declare additivity.","Does not define universal action cost or make path length interchangeable with execution time.","Local PDF pp. 3, 6-7, 15, 33",included
TEST-01,software test prioritization,peer-reviewed conference article,2001,Incorporating varying test costs and fault severities into test case prioritization,https://doi.org/10.1109/ICSE.2001.919106,metadata_plus_verified_secondary,"A test-case execution is the prioritization unit; primary formal definition was not obtained.","Varying test execution costs and fault severities are distinct APFDc inputs.","Assignment details remain pending primary full text; later systematic review confirms the two inputs.","APFDc aggregates detection position, cost, and severity under domain-specific assumptions.","DOI, title, and venue verified; secondary full text identifies APFDc as a cost-cognizant metric.","Candidate analogy for evaluating benefit found per unit measured execution cost.","Does not define forensic costs; no primary formula is quoted here.","Crossref metadata plus TEST-02 local PDF pp. 6-7, 10, 26",pending_primary_full_text
TEST-02,software test prioritization,peer-reviewed systematic review,2022,Value-based cost-cognizant test case prioritization for regression testing,https://doi.org/10.1371/journal.pone.0264972,verified_full_text_local_pdf,"Test cases are ordered execution units in regression testing.","Distinguishes test-case cost, often execution time, from fault severity or value; APFDc reports severity detection over test cost.","Included studies use experiments and case studies; execution time is a common observable proxy.","Aggregation is domain-specific and does not make all resources commensurate.","Systematic search and classification report metrics and methods used.","Cross-domain example of directly measured execution time with value kept separate.","Does not validate Project05 E/D/A/R or a universal cost scale.","Local PDF pp. 1, 3-7, 10-11",included
MEAS-02,software measurement,peer-reviewed journal article,1995,Towards a framework for software measurement validation,https://doi.org/10.1109/32.489070,metadata_only_crossref,"No action definition.","Concerns validity of software measures and intended attributes; exact framework text was not locally verified.","Pending primary full text.","Pending primary full text.","DOI, title, and venue verified; IEEE endpoint returned 418.","Candidate theoretical support for distinguishing reliability from measurement validity.","Must not be quoted for specific validity criteria until full text is obtained.","Crossref DOI record; IEEE endpoint checked and unavailable",pending_full_text
