item_id,analyst_minutes,compute_seconds,records_scanned,bytes_scanned,host_count,retention_window_days,authorization_tier,system_perturbation_events,measurement_notes
COST-B2710C16B771,,,,,,,,,
COST-8D429E4E4EE6,,,,,,,,,
COST-656558972BEA,,,,,,,,,
COST-5063B867CDEA,,,,,,,,,
COST-96F8614B776C,,,,,,,,,
COST-633743C9A3A1,,,,,,,,,
COST-7EBA5A16E57C,,,,,,,,,
COST-D7667880BDFB,,,,,,,,,
COST-4ECD7106E0CA,,,,,,,,,
COST-79413E2373B9,,,,,,,,,
COST-DE0C1407A4E3,,,,,,,,,
COST-5496F27EA8A5,,,,,,,,,
COST-2E86348BC829,,,,,,,,,
COST-A919967F09FC,,,,,,,,,
COST-B99392F435DA,,,,,,,,,
COST-FC47597539BA,,,,,,,,,
COST-1A1A1EEAE4DF,,,,,,,,,
COST-5D4F460A7EE8,,,,,,,,,
COST-EF4DB7B47F14,,,,,,,,,
COST-0944F1424FA9,,,,,,,,,
COST-CCFBE4B9DBF3,,,,,,,,,
COST-D23E1DD94311,,,,,,,,,
COST-D3960815CD6C,,,,,,,,,
COST-474B2B02A415,,,,,,,,,
COST-D63FB1B7E6B2,,,,,,,,,
COST-6711C38E5DF2,,,,,,,,,
COST-5BC736C50F44,,,,,,,,,
COST-A9FED35C30D2,,,,,,,,,
COST-AC4783F1C062,,,,,,,,,
COST-1D49F980849A,,,,,,,,,
COST-2ABF2263B496,,,,,,,,,
COST-DF7FB9DC371F,,,,,,,,,
COST-FC05F3DC7029,,,,,,,,,
COST-1D6774DBDBD7,,,,,,,,,
COST-0D71980639EF,,,,,,,,,
COST-474F3E2D3BE4,,,,,,,,,
COST-DD71311D9B5E,,,,,,,,,
COST-16B040E81701,,,,,,,,,
COST-6830AC7E93E7,,,,,,,,,
COST-52B48F47D3A5,,,,,,,,,
COST-EEC09BF5233E,,,,,,,,,
COST-99F8DC0E5A6A,,,,,,,,,
COST-D63BBCF48E50,,,,,,,,,
COST-3BB4CB65783D,,,,,,,,,
COST-6454721F8AE5,,,,,,,,,
COST-B24204156BA3,,,,,,,,,
COST-F02FDABA698A,,,,,,,,,
COST-04B42D3EAECD,,,,,,,,,
COST-0AE07A2B3A43,,,,,,,,,
COST-02BEF882D3E3,,,,,,,,,
COST-480FF07115F1,,,,,,,,,
COST-1023DCFB0FC6,,,,,,,,,
COST-227AC4F8D97E,,,,,,,,,
COST-CCD52AE341D9,,,,,,,,,
COST-9D79C7ED950B,,,,,,,,,
COST-3E183A8D287C,,,,,,,,,
COST-776959F47371,,,,,,,,,
COST-18D9F54211A1,,,,,,,,,
COST-A2F44B694E23,,,,,,,,,
COST-F204F3CD6FEC,,,,,,,,,
COST-8974ADB9295F,,,,,,,,,
COST-ED2059E0334D,,,,,,,,,
COST-C0A98C43B8E4,,,,,,,,,
COST-2C967A7FBDF9,,,,,,,,,
COST-598D1E58A0FF,,,,,,,,,
COST-7F825033CDEC,,,,,,,,,
COST-46B8CD15FA18,,,,,,,,,
COST-975F7A83F8D0,,,,,,,,,
COST-882B85A39A8C,,,,,,,,,
COST-8AF9544E370B,,,,,,,,,
COST-F4A14122F127,,,,,,,,,
COST-4454F0CDCD1F,,,,,,,,,
